Id,RequisitionId,StationeryId,reqQty,rcvQty,status
28,15,19,3,3,Delivered
29,15,50,2,2,Delivered
30,16,19,3,3,Delivered
31,16,50,2,2,Delivered
32,17,19,5,5,Delivered
33,17,50,4,4,Delivered
34,18,19,2,2,Delivered
35,18,50,5,5,Delivered
36,19,19,2,2,Delivered
37,19,50,6,6,Delivered
38,20,19,2,2,Delivered
39,20,50,3,3,Delivered
40,21,19,3,3,Delivered
41,21,50,2,2,Delivered
42,22,19,3,3,Delivered
43,22,50,3,3,Delivered
44,23,19,2,2,Delivered
45,23,50,2,2,Delivered
46,24,19,4,4,Delivered
47,24,50,2,2,Delivered
48,25,19,2,2,Delivered
49,25,50,3,3,Delivered
50,26,19,1,1,Delivered
51,26,50,5,5,Delivered
52,27,19,2,2,Delivered
53,27,50,3,3,Delivered
54,28,19,4,4,Delivered
55,28,50,2,2,Delivered
56,29,19,3,3,Delivered
57,29,50,1,1,Delivered
58,30,19,5,5,Delivered
59,30,50,2,2,Delivered
60,31,19,1,1,Delivered
61,31,50,2,2,Delivered
62,32,19,2,2,Delivered
63,32,50,3,3,Delivered
64,33,19,2,2,Delivered
65,33,50,4,4,Delivered
66,34,19,4,4,Delivered
67,34,50,5,5,Delivered
68,35,19,2,2,Delivered
69,35,50,3,3,Delivered
70,36,19,2,2,Delivered
71,36,50,3,3,Delivered
72,37,19,2,2,Delivered
73,37,50,1,1,Delivered
74,38,19,4,4,Delivered
75,38,50,2,2,Delivered
76,39,19,3,3,Delivered
77,39,50,2,2,Delivered
78,40,19,5,5,Delivered
79,40,50,2,2,Delivered
80,41,19,1,1,Delivered
81,41,50,3,3,Delivered
82,42,19,2,2,Delivered
83,42,50,4,4,Delivered
84,43,19,2,2,Delivered
85,43,50,3,3,Delivered
86,44,19,2,2,Delivered
87,44,50,2,2,Delivered
88,45,17,100,100,Delivered
89,45,19,100,100,Delivered
90,46,17,100,100,Delivered
91,46,19,100,100,Delivered
92,47,17,100,100,Delivered
93,47,19,100,100,Delivered
94,48,17,100,100,Delivered
95,48,19,100,100,Delivered
96,49,17,100,100,Delivered
97,49,19,100,100,Delivered
98,50,19,20,20,Delivered
99,50,49,60,60,Delivered
100,51,19,20,20,Delivered
101,51,49,60,60,Delivered
102,52,19,20,20,Delivered
103,52,49,60,60,Delivered
104,53,19,20,20,Delivered
105,53,49,60,60,Delivered
106,54,19,20,20,Delivered
107,54,49,60,60,Delivered
108,55,19,3,3,Delivered
109,55,50,3,3,Delivered
110,56,19,3,3,Delivered
111,56,50,2,2,Delivered
112,57,19,4,4,Delivered
113,57,50,2,2,Delivered
114,58,19,3,3,Delivered
115,58,50,5,5,Delivered
116,59,19,1,1,Delivered
117,59,50,2,2,Delivered
118,60,19,3,3,Delivered
119,60,50,5,5,Delivered
120,61,19,2,2,Delivered
121,61,50,3,3,Delivered
122,62,19,2,2,Delivered
123,62,50,5,5,Delivered
124,63,19,2,2,Delivered
125,63,50,1,1,Delivered
126,64,19,3,3,Delivered
127,64,50,2,2,Delivered
128,65,19,4,4,Delivered
129,65,50,2,2,Delivered
130,66,19,3,3,Delivered
131,66,50,2,2,Delivered
132,67,19,1,1,Delivered
133,67,50,4,4,Delivered
134,68,19,5,5,Delivered
135,68,50,2,2,Delivered
136,69,19,2,2,Delivered
137,69,50,4,4,Delivered
138,70,17,100,100,Delivered
139,70,19,100,100,Delivered
140,71,17,100,100,Delivered
141,71,19,100,100,Delivered
142,72,17,100,100,Delivered
143,72,19,100,100,Delivered
144,73,17,100,100,Delivered
145,73,19,100,100,Delivered
146,74,17,100,100,Delivered
147,74,19,100,100,Delivered
148,75,19,3,3,Delivered
149,75,50,2,2,Delivered
150,76,19,5,5,Delivered
151,76,50,4,4,Delivered
152,77,19,1,1,Delivered
153,77,50,2,2,Delivered
154,78,19,3,3,Delivered
155,78,50,5,5,Delivered
156,79,19,2,2,Delivered
157,79,50,1,1,Delivered
158,80,19,3,3,Delivered
159,80,50,4,4,Delivered
160,81,19,2,2,Delivered
161,81,50,3,3,Delivered
162,82,19,5,5,Delivered
163,82,50,2,2,Delivered
164,83,19,2,2,Delivered
165,83,50,1,1,Delivered
166,84,19,2,2,Delivered
167,84,50,2,2,Delivered
168,85,19,20,20,Delivered
169,85,49,60,60,Delivered
170,86,19,20,20,Delivered
171,86,49,60,60,Delivered
172,87,19,20,20,Delivered
173,87,49,60,60,Delivered
174,88,19,20,20,Delivered
175,88,49,60,60,Delivered
176,89,19,20,20,Delivered
177,89,49,60,60,Delivered
178,90,19,6,6,Delivered
179,90,50,3,3,Delivered
180,91,19,5,5,Delivered
181,91,50,4,4,Delivered
182,92,19,2,2,Delivered
183,92,50,1,1,Delivered
184,93,19,2,2,Delivered
185,93,50,2,2,Delivered
186,94,19,2,2,Delivered
187,94,50,3,3,Delivered
188,95,19,5,5,Delivered
189,95,50,4,4,Delivered
190,96,19,2,2,Delivered
191,96,50,5,5,Delivered
192,97,19,2,2,Delivered
193,97,50,2,2,Delivered
194,98,19,2,2,Delivered
195,98,50,4,4,Delivered
196,99,19,4,4,Delivered
197,99,50,3,3,Delivered
198,100,19,5,5,Delivered
199,100,50,2,2,Delivered
200,101,19,2,2,Delivered
201,101,50,3,3,Delivered
202,102,19,1,1,Delivered
203,102,50,2,2,Delivered
204,103,19,5,5,Delivered
205,103,50,6,6,Delivered
206,104,19,2,2,Delivered
207,104,50,3,3,Delivered
208,105,17,100,100,Delivered
209,105,19,100,100,Delivered
210,106,17,100,100,Delivered
211,106,19,100,100,Delivered
212,107,17,100,100,Delivered
213,107,19,100,100,Delivered
214,108,17,100,100,Delivered
215,108,19,100,100,Delivered
216,109,17,100,100,Delivered
217,109,19,100,100,Delivered
218,110,19,20,20,Delivered
219,110,49,60,60,Delivered
220,111,19,20,20,Delivered
221,111,49,60,60,Delivered
222,112,19,20,20,Delivered
223,112,49,60,60,Delivered
224,113,19,20,20,Delivered
225,113,49,60,60,Delivered
226,114,19,20,20,Delivered
227,114,49,60,60,Delivered
228,115,19,2,2,Delivered
229,115,50,3,3,Delivered
230,116,19,2,2,Delivered
231,116,50,4,4,Delivered
232,117,19,5,5,Delivered
233,117,50,1,1,Delivered
234,118,19,2,2,Delivered
235,118,50,2,2,Delivered
236,119,19,1,1,Delivered
237,119,50,2,2,Delivered
238,120,19,4,4,Delivered
239,120,50,2,2,Delivered
240,121,19,3,3,Delivered
241,121,50,2,2,Delivered
242,122,19,5,5,Delivered
243,122,50,1,1,Delivered
244,123,19,2,2,Delivered
245,123,50,3,3,Delivered
246,124,19,2,2,Delivered
247,124,50,1,1,Delivered
248,125,19,4,4,Delivered
249,125,50,2,2,Delivered
250,126,19,1,1,Delivered
251,126,50,5,5,Delivered
252,127,19,5,5,Delivered
253,127,50,2,2,Delivered
254,128,19,2,2,Delivered
255,128,50,4,4,Delivered
256,129,19,5,5,Delivered
257,129,50,2,2,Delivered
258,130,17,100,100,Delivered
259,130,19,100,100,Delivered
260,131,17,100,100,Delivered
261,131,19,100,100,Delivered
262,132,17,100,100,Delivered
263,132,19,100,100,Delivered
264,133,17,100,100,Delivered
265,133,19,100,100,Delivered
266,134,17,100,100,Delivered
267,134,19,100,100,Delivered
268,135,19,4,4,Delivered
269,135,50,3,3,Delivered
270,136,19,2,2,Delivered
271,136,50,1,1,Delivered
272,137,19,4,4,Delivered
273,137,50,5,5,Delivered
274,138,19,2,2,Delivered
275,138,50,2,2,Delivered
276,139,19,3,3,Delivered
277,139,50,2,2,Delivered
278,140,19,1,1,Delivered
279,140,50,5,5,Delivered
280,141,19,2,2,Delivered
281,141,50,2,2,Delivered
282,142,19,4,4,Delivered
283,142,50,2,2,Delivered
284,143,19,3,3,Delivered
285,143,50,5,5,Delivered
286,144,19,1,1,Delivered
287,144,50,2,2,Delivered
288,145,19,20,20,Delivered
289,145,49,60,60,Delivered
290,146,19,20,20,Delivered
291,146,49,60,60,Delivered
292,147,19,20,20,Delivered
293,147,49,60,60,Delivered
294,148,19,20,20,Delivered
295,148,49,60,60,Delivered
296,149,19,20,20,Delivered
297,149,49,60,60,Delivered
298,150,19,2,2,Delivered
299,150,50,3,3,Delivered
300,151,19,5,5,Delivered
301,151,50,4,4,Delivered
302,152,19,1,1,Delivered
303,152,50,2,2,Delivered
304,153,19,5,5,Delivered
305,153,50,4,4,Delivered
306,154,19,1,1,Delivered
307,154,50,2,2,Delivered
308,155,19,3,3,Delivered
309,155,50,5,5,Delivered
310,156,19,3,3,Delivered
311,156,50,3,3,Delivered
312,157,19,3,3,Delivered
313,157,50,2,2,Delivered
314,158,19,2,2,Delivered
315,158,50,1,1,Delivered
316,159,19,4,4,Delivered
317,159,50,5,5,Delivered
318,160,19,3,3,Delivered
319,160,50,4,4,Delivered
320,161,19,2,2,Delivered
321,161,50,4,4,Delivered
322,162,19,5,5,Delivered
323,162,50,4,4,Delivered
324,163,19,2,2,Delivered
325,163,50,3,3,Delivered
326,164,19,2,2,Delivered
327,164,50,1,1,Delivered
